
--DML Queries
truncate table item;
truncate table ORDER_TRACKING;
truncate table orders;
truncate table VEHICLE;
truncate table saved_addresses;
truncate table customer;
truncate table delivery_agent;

/*
select * from  item;
select * from  ORDER_TRACKING;
select * from  orders;
select * from  VEHICLE;
select * from  saved_addresses;
select * from  customer;
select * from  delivery_agent;
*/
--CUSTOMER 


INSERT INTO CUSTOMER (CUST_ID, CONTACT_NO, FIRST_NAME, LAST_NAME, PASSWORD, EMAIL)  
VALUES (1, 1234567890, 'John', 'Doe', 'password123', 'john.doe@example.com'); 

INSERT INTO CUSTOMER (CUST_ID, CONTACT_NO, FIRST_NAME, LAST_NAME, PASSWORD, EMAIL)  
VALUES (2, 9876543210, 'Alice', 'Smith', 'securepass', 'alice.smith@example.com'); 

INSERT INTO CUSTOMER (CUST_ID, CONTACT_NO, FIRST_NAME, LAST_NAME, PASSWORD, EMAIL)  
VALUES (3, 5555555555, 'Bob', 'Johnson', 'pass123', 'bob.johnson@example.com'); 

INSERT INTO CUSTOMER (CUST_ID, CONTACT_NO, FIRST_NAME, LAST_NAME, PASSWORD, EMAIL)  
VALUES (4, 1112223333, 'Emily', 'Williams', 'emily_pass', 'emily.williams@example.com'); 

INSERT INTO CUSTOMER (CUST_ID, CONTACT_NO, FIRST_NAME, LAST_NAME, PASSWORD, EMAIL)  
VALUES (5, 4445556666, 'Michael', 'Jones', 'michael123', 'michael.jones@example.com'); 

 
-- Inserting dummy data for the SAVED_ADDRESSES table 


INSERT INTO SAVED_ADDRESSES (ADDRESS_ID, ADDRESS_NAME, STREET_ADDRESS, CITY, STATE, ZIP_CODE, CUST_ID) 
VALUES (1, 'Home', '123 Main St', 'Boston', 'Massachusetts', 12345, 1); 


INSERT INTO SAVED_ADDRESSES (ADDRESS_ID, ADDRESS_NAME, STREET_ADDRESS, CITY, STATE, ZIP_CODE, CUST_ID) 
VALUES (2, 'Work', '39 west walnut', 'Boston', 'Massachusetts', 02115, 1);   


INSERT INTO SAVED_ADDRESSES (ADDRESS_ID, ADDRESS_NAME, STREET_ADDRESS, CITY, STATE, ZIP_CODE, CUST_ID) 
VALUES (3, 'Work', '456 Business Ave', 'Chicago', 'Illinois', 54321, 2); 

  
INSERT INTO SAVED_ADDRESSES (ADDRESS_ID, ADDRESS_NAME, STREET_ADDRESS, CITY, STATE, ZIP_CODE, CUST_ID) 
VALUES (4, 'Vacation Home', '789 Beach Blvd', 'New York', 'New York', 98765, 3); 


INSERT INTO SAVED_ADDRESSES (ADDRESS_ID, ADDRESS_NAME, STREET_ADDRESS, CITY, STATE, ZIP_CODE, CUST_ID) 
VALUES (5, 'Home', '101 Dimock street', 'Boston', 'Massachusetts', 11111, 4); 


INSERT INTO SAVED_ADDRESSES (ADDRESS_ID, ADDRESS_NAME, STREET_ADDRESS, CITY, STATE, ZIP_CODE, CUST_ID) 
VALUES (6, 'Office', '101 Corporate Lane', 'Boston', 'Massachusetts', 11111, 4); 



INSERT INTO SAVED_ADDRESSES (ADDRESS_ID, ADDRESS_NAME, STREET_ADDRESS, CITY, STATE, ZIP_CODE, CUST_ID) 
VALUES (7, 'Friends Place', '321 Friendship St', 'Nashville', 'Florida', 01234, 5); 

 
-- Inserting dummy data for the DELIVERY_AGENT table 


INSERT INTO DELIVERY_AGENT (AGENT_ID, FIRST_NAME, LAST_NAME, PASSWORD, EMAIL, CONTACT_NO, STREET_ADDRESS, CITY, STATE, ZIP_CODE) 
VALUES (1, 'John', 'Doe', 'agentpass1', 'john.doe@delivery.com', 9876543210, '456 Delivery St', 'Boston', 'Massachusetts', 54321); 

  

INSERT INTO DELIVERY_AGENT (AGENT_ID, FIRST_NAME, LAST_NAME, PASSWORD, EMAIL, CONTACT_NO, STREET_ADDRESS, CITY, STATE, ZIP_CODE) 
VALUES (2, 'Alice', 'Smith', 'agentpass2', 'alice.smith@delivery.com', 8765432109, '789 Express Ave', 'Boston', 'Massachusetts', 98765); 

  

INSERT INTO DELIVERY_AGENT (AGENT_ID, FIRST_NAME, LAST_NAME, PASSWORD, EMAIL, CONTACT_NO, STREET_ADDRESS, CITY, STATE, ZIP_CODE) 
VALUES (3, 'Bob', 'Johnson', 'agentpass3', 'bob.johnson@delivery.com', 7654321098, '101 Speedy Lane', 'Chicago', 'Illinois', 12345); 

  

INSERT INTO DELIVERY_AGENT (AGENT_ID, FIRST_NAME, LAST_NAME, PASSWORD, EMAIL, CONTACT_NO, STREET_ADDRESS, CITY, STATE, ZIP_CODE) 
VALUES (4, 'Emily', 'Williams', 'agentpass4', 'emily.williams@delivery.com', 6543210987, '321 Swift St', 'New York', 'New York', 67890); 

  

INSERT INTO DELIVERY_AGENT (AGENT_ID, FIRST_NAME, LAST_NAME, PASSWORD, EMAIL, CONTACT_NO, STREET_ADDRESS, CITY, STATE, ZIP_CODE) 
VALUES (5, 'Michael', 'Jones', 'agentpass5', 'michael.jones@delivery.com', 5432109876, '555 Quick Blvd', 'Nashville', 'Florida', 23456); 

 

 

-- Inserting dummy data for the VEHICLE table 


INSERT INTO VEHICLE (VEHICLE_ID, VEHICLE_NUMBER, TYPE, AGENT_ID) 
VALUES (1, 111222, 'Car', 1); 


INSERT INTO VEHICLE (VEHICLE_ID, VEHICLE_NUMBER, TYPE, AGENT_ID) 
VALUES (2, 413222, 'Motorcycle', 1);  
  

INSERT INTO VEHICLE (VEHICLE_ID, VEHICLE_NUMBER, TYPE, AGENT_ID) 
VALUES (3, 333444, 'Car', 2); 

  

INSERT INTO VEHICLE (VEHICLE_ID, VEHICLE_NUMBER, TYPE, AGENT_ID) 
VALUES (4, 555666, 'Motorcycle', 3); 

  

INSERT INTO VEHICLE (VEHICLE_ID, VEHICLE_NUMBER, TYPE, AGENT_ID) 
VALUES (5, 777888, 'Scooter', 4); 

  

INSERT INTO VEHICLE (VEHICLE_ID, VEHICLE_NUMBER, TYPE, AGENT_ID) 
VALUES (6, 999000, 'Van', 5); 

  

-- Inserting dummy data for the ORDERS table 


 

INSERT INTO ORDERS ( 
    COLLECT_CONTACT_NO, COLLECT_STREET_ADDRESS, COLLECT_ZIP_CODE, STATE, CITY, DELIVERY_ZIP_CODE, 
    DELIVERY_STREET_ADDRESS, DELIVERY_PERSON_NAME, DELIVERY_CONTACT_NO, COLLECT_PERSON_NAME, 
    ORDER_ID, AGENT_ID, CUST_ID, ORDER_AMOUNT, ORDER_INSTRUCTIONS, TIP_TO_AGENT, 
    PAYMENT_STATUS, RATING, FEEDBACK 
) 
VALUES ( 
    5555555555, '123 Collection St', 54321, 'New York', 'New York', 98765, 
    '789 Beach Blvd', 'Ken', 8765432109, 'Bob', 
    1, 1, 3, 50.99, 'Handle with care', 5, 
    'FAILED', 4, 'Payment is not user friendly' 
); 

  

INSERT INTO ORDERS ( 
    COLLECT_CONTACT_NO, COLLECT_STREET_ADDRESS, COLLECT_ZIP_CODE, STATE, CITY, DELIVERY_ZIP_CODE, 
    DELIVERY_STREET_ADDRESS, DELIVERY_PERSON_NAME, DELIVERY_CONTACT_NO, COLLECT_PERSON_NAME, 
    ORDER_ID, AGENT_ID, CUST_ID, ORDER_AMOUNT, ORDER_INSTRUCTIONS, TIP_TO_AGENT, 
    PAYMENT_STATUS, RATING, FEEDBACK 
) 
VALUES ( 
    1112223333, '101 Corporate Lane', 11111, 'Massachusetts', 'Boston', 11111, 
    '101 Dimock street', 'king', 4445556666, 'Emily',
    2, 2, 4, 30.50, 'Fragile items', 3, 
    'SUCCESSFUL', 3, 'Good and quick service' 
); 



INSERT INTO ORDERS ( 
    COLLECT_CONTACT_NO, COLLECT_STREET_ADDRESS, COLLECT_ZIP_CODE, STATE, CITY, DELIVERY_ZIP_CODE, 
    DELIVERY_STREET_ADDRESS, DELIVERY_PERSON_NAME, DELIVERY_CONTACT_NO, COLLECT_PERSON_NAME, 
    ORDER_ID, AGENT_ID, CUST_ID, ORDER_AMOUNT, ORDER_INSTRUCTIONS, TIP_TO_AGENT, 
    PAYMENT_STATUS, RATING, FEEDBACK 
) 
VALUES ( 
    4445556666, '555 Pickup Lane', 54321, 'Illinois', 'Chicago', 54321, 
    '456 Business Ave', 'Alice', 9876543210, 'Michael', 
    3, 3, 2, 75.25, 'Handle with extra care', 7, 
    'REFUNDED', 5, 'Quick refund,good service' 
); 

  

INSERT INTO ORDERS ( 
    COLLECT_CONTACT_NO, COLLECT_STREET_ADDRESS, COLLECT_ZIP_CODE, STATE, CITY, DELIVERY_ZIP_CODE, 
    DELIVERY_STREET_ADDRESS, DELIVERY_PERSON_NAME, DELIVERY_CONTACT_NO, COLLECT_PERSON_NAME, 
    ORDER_ID, AGENT_ID, CUST_ID, ORDER_AMOUNT, ORDER_INSTRUCTIONS, TIP_TO_AGENT, 
    PAYMENT_STATUS, RATING, FEEDBACK 
) 
VALUES ( 
    9990001111, '39 west walnut', 87654, 'Massachusetts', 'Boston', 02115, 
    '123 Main St', 'John', 1234567890, 'Jude', 
    4, 4, 1, 45.75, 'Quick delivery requested', 0, 
    NULL, 2, 'No driver matched after waiting for 15 mins, add more drivers' 
); 

INSERT INTO ORDERS ( 
    COLLECT_CONTACT_NO, COLLECT_STREET_ADDRESS, COLLECT_ZIP_CODE, STATE, CITY, DELIVERY_ZIP_CODE, 
    DELIVERY_STREET_ADDRESS, DELIVERY_PERSON_NAME, DELIVERY_CONTACT_NO, COLLECT_PERSON_NAME, 
    ORDER_ID, AGENT_ID, CUST_ID, ORDER_AMOUNT, ORDER_INSTRUCTIONS, TIP_TO_AGENT, 
    PAYMENT_STATUS, RATING, FEEDBACK 
)   
VALUES ( 
    4445556666, '321 Friendship St', 11111, 'Florida', 'Nashville', 01234, 
    '789 Speedy St', 'Kane', 2223334444, 'Michael', 
    5, 5, 5, 60.00, 'Standard delivery drop in front of door', 0, 
    NULL, 3, 'Too costly'  
); 

  

-- Inserting dummy data for the ITEM table 



INSERT INTO ITEM (ITEM_ID, ITEM_NAME, SIZE_CATEGORY, ORDER_ID) 
VALUES (1, 'Laptop', 'MEDIUM', 1); 


INSERT INTO ITEM (ITEM_ID, ITEM_NAME, SIZE_CATEGORY, ORDER_ID) 
VALUES (2, 'Camera', 'SMALL', 1); 


INSERT INTO ITEM (ITEM_ID, ITEM_NAME, SIZE_CATEGORY, ORDER_ID) 
VALUES (3, 'Printer', 'LARGE', 2); 

  
INSERT INTO ITEM (ITEM_ID, ITEM_NAME, SIZE_CATEGORY, ORDER_ID) 
VALUES (4, 'Headphones', 'SMALL', 2); 



INSERT INTO ITEM (ITEM_ID, ITEM_NAME, SIZE_CATEGORY, ORDER_ID) 
VALUES (5, 'Tablet', 'MEDIUM', 3); 


INSERT INTO ITEM (ITEM_ID, ITEM_NAME, SIZE_CATEGORY, ORDER_ID) 
VALUES (6, 'Document', 'SMALL', 4); 

  

INSERT INTO ITEM (ITEM_ID, ITEM_NAME, SIZE_CATEGORY, ORDER_ID) 
VALUES (7, 'LunchBox', 'SMALL', 5); 

  

INSERT INTO ITEM (ITEM_ID, ITEM_NAME, SIZE_CATEGORY, ORDER_ID) 
VALUES (8, 'Medicine', 'SMALL', 5); 

 

-- Inserting dummy data for the ORDER_TRACKING table 


INSERT INTO ORDER_TRACKING (TRACKING_ID, ORDER_STATUS, DATE_TIME, ORDER_ID) 
VALUES (1, 'INITIAL', TIMESTAMP '2023-01-01 08:00:00', 1); 

  

INSERT INTO ORDER_TRACKING (TRACKING_ID, ORDER_STATUS, DATE_TIME, ORDER_ID) 
VALUES (2, 'MATCHING_DRIVER', TIMESTAMP '2023-01-01 8:20:00', 1); 


INSERT INTO ORDER_TRACKING (TRACKING_ID, ORDER_STATUS, DATE_TIME, ORDER_ID) 
VALUES (3, 'DRIVER_MATCHED', TIMESTAMP '2023-01-01 8:25:00', 1); 


INSERT INTO ORDER_TRACKING (TRACKING_ID, ORDER_STATUS, DATE_TIME, ORDER_ID) 
VALUES (4, 'CANCELLED', TIMESTAMP '2023-01-01 08:30:00', 1); 


INSERT INTO ORDER_TRACKING (TRACKING_ID, ORDER_STATUS, DATE_TIME, ORDER_ID) 
VALUES (5, 'INITIAL', TIMESTAMP '2023-01-05 11:00:00', 2); 

INSERT INTO ORDER_TRACKING (TRACKING_ID, ORDER_STATUS, DATE_TIME, ORDER_ID) 
VALUES (6, 'MATCHING_DRIVER', TIMESTAMP '2023-01-05 11:10:00', 2); 

INSERT INTO ORDER_TRACKING (TRACKING_ID, ORDER_STATUS, DATE_TIME, ORDER_ID) 
VALUES (7, 'DRIVER_MATCHED', TIMESTAMP '2023-01-05 11:15:00', 2); 


INSERT INTO ORDER_TRACKING (TRACKING_ID, ORDER_STATUS, DATE_TIME, ORDER_ID) 
VALUES (8, 'PLACED', TIMESTAMP '2023-01-05 11:26:00', 2); 


INSERT INTO ORDER_TRACKING (TRACKING_ID, ORDER_STATUS, DATE_TIME, ORDER_ID) 
VALUES (9, 'PICKED', TIMESTAMP '2023-01-05 11:25:00', 2); 


INSERT INTO ORDER_TRACKING (TRACKING_ID, ORDER_STATUS, DATE_TIME, ORDER_ID) 
VALUES (10, 'DELIVERED', TIMESTAMP '2023-01-05 11:45:00', 2); 


INSERT INTO ORDER_TRACKING (TRACKING_ID, ORDER_STATUS, DATE_TIME, ORDER_ID) 
VALUES (11, 'INITIAL', TIMESTAMP '2023-01-08 01:15:00', 3); 


INSERT INTO ORDER_TRACKING (TRACKING_ID, ORDER_STATUS, DATE_TIME, ORDER_ID) 
VALUES (12, 'MATCHING_DRIVER', TIMESTAMP '2023-01-08 01:20:00', 3); 


INSERT INTO ORDER_TRACKING (TRACKING_ID, ORDER_STATUS, DATE_TIME, ORDER_ID) 
VALUES (13, 'DRIVER_MATCHED', TIMESTAMP '2023-01-08 01:25:00', 3); 


INSERT INTO ORDER_TRACKING (TRACKING_ID, ORDER_STATUS, DATE_TIME, ORDER_ID) 
VALUES (14, 'PLACED', TIMESTAMP '2023-01-08 01:25:00', 3); 


INSERT INTO ORDER_TRACKING (TRACKING_ID, ORDER_STATUS, DATE_TIME, ORDER_ID) 
VALUES (15, 'CANCELLED', TIMESTAMP '2023-01-08 01:35:00', 3); 


INSERT INTO ORDER_TRACKING (TRACKING_ID, ORDER_STATUS, DATE_TIME, ORDER_ID) 
VALUES (16, 'INITIAL', TIMESTAMP '2023-01-10 10:35:00', 4); 


INSERT INTO ORDER_TRACKING (TRACKING_ID, ORDER_STATUS, DATE_TIME, ORDER_ID) 
VALUES (17, 'MATCHING_DRIVER', TIMESTAMP '2023-01-10 10:37:00', 4); 


INSERT INTO ORDER_TRACKING (TRACKING_ID, ORDER_STATUS, DATE_TIME, ORDER_ID) 
VALUES (18, 'CANCELLED', TIMESTAMP '2023-01-10 10:50:00', 4); 

INSERT INTO ORDER_TRACKING (TRACKING_ID, ORDER_STATUS, DATE_TIME, ORDER_ID) 
VALUES (19, 'INITIAL', TIMESTAMP '2023-01-10 10:50:00', 5);

INSERT INTO ORDER_TRACKING (TRACKING_ID, ORDER_STATUS, DATE_TIME, ORDER_ID) 
VALUES (20, 'CANCELLED', TIMESTAMP '2023-01-10 10:50:00', 5);
